id,date,channel,content_type,title,hook,body,cta,cta_url,utm_source,utm_medium,utm_campaign,review_status,publish_status,published_url,impressions,clicks,leads,paid_conversions,revenue,notes
20260629-xhs-01,2026-06-29,xiaohongshu,post,这段关系值得继续吗？先看你有没有变得更清楚,值得继续的关系，会让你更像自己。,如果你每天都在猜、等、证明，先暂停一下：关系不是考试，你也不是唯一的答题人。,做一次关系复盘,https://tianji.love/relationship/new?utm_source=xiaohongshu&utm_medium=organic&utm_campaign=revenue_os_day6,xiaohongshu,organic,revenue_os_day6,pending_manual_review,not_published,,0,0,0,0,0,Manual publishing only; do not decide for the user
20260629-xhs-02,2026-06-29,xiaohongshu,post,不要为了不失去一个人，把自己缩小,爱不是让你一直降低需求。,继续之前，先问：我是在选择这段关系，还是只是不敢面对失去？,问一个更清楚的问题,https://tianji.love/ask?source=love_test&intent=continue&utm_source=xiaohongshu&utm_medium=organic&utm_campaign=revenue_os_day6,xiaohongshu,organic,revenue_os_day6,pending_manual_review,not_published,,0,0,0,0,0,Manual publishing only; no pressure tactic
20260629-xhs-03,2026-06-29,xiaohongshu,post,真正的信号不是热闹，是能不能一起修复,有吸引不等于适合继续。,看对方如何面对误会、边界和你的真实感受，比看一时的甜更重要。,看关系模式,https://tianji.love/love-reading?utm_source=xiaohongshu&utm_medium=organic&utm_campaign=revenue_os_day6,xiaohongshu,organic,revenue_os_day6,pending_manual_review,not_published,,0,0,0,0,0,Manual publishing only; no guaranteed interpretation
20260629-xhs-04,2026-06-29,xiaohongshu,post,如果你一直在单方面解释，对方可能没有在共同经营,关系需要两个人都愿意靠近事实。,你可以表达一次，但不要把所有理解、安抚和修复都变成自己的任务。,得到下一步建议,https://tianji.love/ask?source=love_test&intent=repair&utm_source=xiaohongshu&utm_medium=organic&utm_campaign=revenue_os_day6,xiaohongshu,organic,revenue_os_day6,pending_manual_review,not_published,,0,0,0,0,0,Manual publishing only; no blame language
20260629-xhs-05,2026-06-29,xiaohongshu,post,继续不是忍耐，离开也不是失败,清楚地选择，比耗着更温柔。,不急着下结论，先把模式、感受和现实放在同一张桌上看。,交给天机解读一次,https://tianji.love/love-reading?utm_source=xiaohongshu&utm_medium=organic&utm_campaign=revenue_os_day6,xiaohongshu,organic,revenue_os_day6,pending_manual_review,not_published,,0,0,0,0,0,Manual publishing only; no outcome guarantee
20260629-reels-01,2026-06-29,tiktok_reels,short_video,Is this worth continuing?,"If a relationship makes you smaller every day, pause before you call it love.",Scene 1: staring at an unanswered message. Scene 2: writing three versions of the same reply. Scene 3: ask whether this connection gives clarity or only anxiety.,Start a private relationship reading,https://tianji.love/love-reading?utm_source=tiktok_reels&utm_medium=organic&utm_campaign=revenue_os_day6,tiktok_reels,organic,revenue_os_day6,pending_manual_review,not_published,,0,0,0,0,0,Manual publishing only; no breakup instruction
20260629-reels-02,2026-06-29,tiktok_reels,short_video,Attraction is not enough,Chemistry starts the story. Repair decides whether it can continue.,"Use a calm voiceover: look for how both people handle misunderstandings, boundaries, and honest feelings.",Read the pattern,https://tianji.love/relationship/new?utm_source=tiktok_reels&utm_medium=organic&utm_campaign=revenue_os_day6,tiktok_reels,organic,revenue_os_day6,pending_manual_review,not_published,,0,0,0,0,0,Manual publishing only; no certainty claim
20260629-reels-03,2026-06-29,tiktok_reels,short_video,Fear of loss is not the same as commitment,Sometimes you are not choosing them; you are avoiding the grief of change.,Prompt viewers to ask one honest question before acting: would I still choose this if I were not afraid?,Ask one focused question,https://tianji.love/ask?source=love_test&intent=continue&utm_source=tiktok_reels&utm_medium=organic&utm_campaign=revenue_os_day6,tiktok_reels,organic,revenue_os_day6,pending_manual_review,not_published,,0,0,0,0,0,Manual publishing only; no diagnostic claim
20260629-reels-04,2026-06-29,tiktok_reels,short_video,One-sided explaining is data,"If you keep translating the relationship alone, that is information.","Show three text overlays: explaining, soothing, repairing. End with: a relationship needs shared reality.",Get a calmer next step,https://tianji.love/ask?source=love_test&intent=repair&utm_source=tiktok_reels&utm_medium=organic&utm_campaign=revenue_os_day6,tiktok_reels,organic,revenue_os_day6,pending_manual_review,not_published,,0,0,0,0,0,Manual publishing only; no blame language
20260629-reels-05,2026-06-29,tiktok_reels,short_video,The calmer decision test,Do not ask only whether they want you. Ask who you become here.,"Use a quiet B-roll structure: notes, calendar, phone face-down, breath. End on a private reading CTA.",Get clarity privately,https://tianji.love/love-reading?utm_source=tiktok_reels&utm_medium=organic&utm_campaign=revenue_os_day6,tiktok_reels,organic,revenue_os_day6,pending_manual_review,not_published,,0,0,0,0,0,Manual publishing only; no outcome guarantee
20260629-x-01,2026-06-29,twitter_x,short_post,Worth continuing test,A relationship worth continuing should not require you to abandon yourself to keep it alive.,"Before you chase certainty, ask whether the pattern is creating clarity, repair, and mutual effort.",Private reading: https://tianji.love/love-reading,https://tianji.love/love-reading?utm_source=twitter_x&utm_medium=organic&utm_campaign=revenue_os_day6,twitter_x,organic,revenue_os_day6,pending_manual_review,not_published,,0,0,0,0,0,Manual publishing only
20260629-x-02,2026-06-29,twitter_x,short_post,Fear versus choice,Fear of losing someone can feel like love. It is not always the same thing.,A calmer question: would I still choose this connection if panic were not making the decision?,Ask one question: https://tianji.love/ask,https://tianji.love/ask?source=love_test&intent=continue&utm_source=twitter_x&utm_medium=organic&utm_campaign=revenue_os_day6,twitter_x,organic,revenue_os_day6,pending_manual_review,not_published,,0,0,0,0,0,Manual publishing only
20260629-x-03,2026-06-29,twitter_x,short_post,Repair decides,Attraction can be real and still not be enough.,"Look at repair: how both people handle conflict, uncertainty, and honest needs.",Read the pattern: https://tianji.love/relationship/new,https://tianji.love/relationship/new?utm_source=twitter_x&utm_medium=organic&utm_campaign=revenue_os_day6,twitter_x,organic,revenue_os_day6,pending_manual_review,not_published,,0,0,0,0,0,Manual publishing only
20260629-x-04,2026-06-29,twitter_x,short_post,Shared reality,"If you are the only one explaining, soothing, and repairing, notice that.",One person can start a conversation. Two people have to build the reality.,Get a calmer next step: https://tianji.love/ask,https://tianji.love/ask?source=love_test&intent=repair&utm_source=twitter_x&utm_medium=organic&utm_campaign=revenue_os_day6,twitter_x,organic,revenue_os_day6,pending_manual_review,not_published,,0,0,0,0,0,Manual publishing only
20260629-x-05,2026-06-29,twitter_x,short_post,Continuing is a choice,Continuing is not the same as enduring.,The question is not only whether they stay. It is whether the relationship has room for your real self.,Start privately: https://tianji.love/love-reading,https://tianji.love/love-reading?utm_source=twitter_x&utm_medium=organic&utm_campaign=revenue_os_day6,twitter_x,organic,revenue_os_day6,pending_manual_review,not_published,,0,0,0,0,0,Manual publishing only
20260629-rq-01,2026-06-29,reddit_quora,answer_draft,How do I know if a relationship is worth continuing?,Look less at intensity and more at repair.,"A grounded way to evaluate it: does the relationship make room for honesty, boundaries, and mutual effort? Attraction matters, but repair is often the better signal. If you are the only person doing all the explaining and soothing, that is information. This is not a command to leave or stay; it is a prompt to look at the pattern calmly.",Optional private pattern reading: https://tianji.love/love-reading,https://tianji.love/love-reading?utm_source=reddit_quora&utm_medium=organic&utm_campaign=revenue_os_day6,reddit_quora,organic,revenue_os_day6,pending_manual_review,not_published,,0,0,0,0,0,Manual publishing only; disclose affiliation if posted
20260629-rq-02,2026-06-29,reddit_quora,answer_draft,Am I staying because I love them or because I am afraid to lose them?,Fear and love can feel similar when attachment is activated.,"Try separating the question into two columns: what you genuinely value about the relationship, and what you are afraid will happen if it changes. If the second column is doing all the work, pause before making a big move.",Ask one focused question: https://tianji.love/ask,https://tianji.love/ask?source=love_test&intent=continue&utm_source=reddit_quora&utm_medium=organic&utm_campaign=revenue_os_day6,reddit_quora,organic,revenue_os_day6,pending_manual_review,not_published,,0,0,0,0,0,Manual publishing only; no therapy/diagnosis framing
20260629-rq-03,2026-06-29,reddit_quora,answer_draft,Is one-sided effort a sign to stop trying?,"One-sided effort does not prove the whole story, but it should not be ignored.","If you have already expressed your needs clearly and the relationship still depends on you translating, soothing, and repairing everything alone, that pattern deserves attention. The next step can be a calm boundary, not a dramatic ultimatum.",Read the relationship pattern: https://tianji.love/relationship/new,https://tianji.love/relationship/new?utm_source=reddit_quora&utm_medium=organic&utm_campaign=revenue_os_day6,reddit_quora,organic,revenue_os_day6,pending_manual_review,not_published,,0,0,0,0,0,Manual publishing only; no guaranteed outcome
20260629-kol-01,2026-06-29,kol_dm,dm_draft,Creator feedback request - worth continuing frame,"Hi, I am testing a gentle relationship clarity angle: ""Is this worth continuing, or am I just afraid to lose it?""",Would this resonate with your audience if framed as a private reflection tool rather than advice? No posting request; I am looking for honest feedback before any manual publishing.,Review draft only,https://tianji.love/love-reading?utm_source=kol_dm&utm_medium=organic&utm_campaign=revenue_os_day6,kol_dm,organic,revenue_os_day6,pending_manual_review,not_published,,0,0,0,0,0,Manual outreach draft only; no automated sending
20260629-kol-02,2026-06-29,kol_dm,dm_draft,Creator feedback request - repair signal,"Hi, I am refining a relationship hook around ""chemistry starts the story, repair decides whether it can continue.""",Does this feel useful and non-manipulative for relationship content? Sharing for feedback only; no auto-posting or paid ask attached.,Review draft only,https://tianji.love/relationship/new?utm_source=kol_dm&utm_medium=organic&utm_campaign=revenue_os_day6,kol_dm,organic,revenue_os_day6,pending_manual_review,not_published,,0,0,0,0,0,Manual outreach draft only; no automated sending
20260629-seo-01,2026-06-29,seo_outline,seo_outline,How to know if a relationship is worth continuing,"A calm checklist for clarity, repair, and mutual effort.","Outline: intro, intensity versus repair, signs of mutual effort, when fear of loss takes over, private reflection prompts, soft CTA to love reading.",Start a private reading,https://tianji.love/love-reading?utm_source=seo_outline&utm_medium=organic&utm_campaign=revenue_os_day6,seo_outline,organic,revenue_os_day6,pending_manual_review,not_published,,0,0,0,0,0,Draft outline only; no invented metrics
20260629-seo-02,2026-06-29,seo_outline,seo_outline,Fear of losing someone or real love?,How to separate panic from choice.,"Outline: attachment activation, two-column reflection, what repair looks like, what one-sided effort means, ask-one-question CTA.",Ask one focused question,https://tianji.love/ask?source=love_test&intent=continue&utm_source=seo_outline&utm_medium=organic&utm_campaign=revenue_os_day6,seo_outline,organic,revenue_os_day6,pending_manual_review,not_published,,0,0,0,0,0,Draft outline only; no therapy claim
20260629-seo-03,2026-06-29,seo_outline,seo_outline,Why attraction is not enough in a relationship,"Chemistry matters, but repair is the long-term signal.","Outline: attraction versus compatibility, repair examples, boundaries, mutual reality, relationship pattern CTA.",Read the relationship pattern,https://tianji.love/relationship/new?utm_source=seo_outline&utm_medium=organic&utm_campaign=revenue_os_day6,seo_outline,organic,revenue_os_day6,pending_manual_review,not_published,,0,0,0,0,0,Draft outline only; no certainty claim
